batch,best_score,mean_score,worst_score,num_improvements,timestamp
1,1.000373,0.988626,0.986190,0,1776352000.70
2,1.000373,0.999321,0.998009,4,1776352068.04
3,1.000373,0.997065,0.992532,0,1776352142.69
4,1.000373,0.998659,0.995844,2,1776352217.85
5,1.000373,0.998856,0.996558,3,1776352280.67
6,1.000373,0.996383,0.986190,2,1776352353.88
7,1.000373,0.999015,0.996715,2,1776352440.94
8,1.000373,0.997725,0.993217,2,1776352498.74
9,1.000373,0.999972,0.998368,3,1776352572.24
10,1.000373,0.998986,0.996727,3,1776352653.68
